Date,Album,AlbumURL,AlbumImageURL,AlbumImageSource,Artist,ArtistURL
1960-01-04,Here We Go Again!,https://en.wikipedia.org/wiki/Here_We_Go_Again!,https://upload.wikimedia.org/wikipedia/en/0/09/Herewegoagain.jpg,,The Kingston Trio,https://en.wikipedia.org/wiki/The_Kingston_Trio
1960-01-11,Here We Go Again!,https://en.wikipedia.org/wiki/Here_We_Go_Again!,https://upload.wikimedia.org/wikipedia/en/0/09/Herewegoagain.jpg,,The Kingston Trio,https://en.wikipedia.org/wiki/The_Kingston_Trio
1960-01-18,Here We Go Again!,https://en.wikipedia.org/wiki/Here_We_Go_Again!,https://upload.wikimedia.org/wikipedia/en/0/09/Herewegoagain.jpg,,The Kingston Trio,https://en.wikipedia.org/wiki/The_Kingston_Trio
1960-01-25,Here We Go Again!,https://en.wikipedia.org/wiki/Here_We_Go_Again!,https://upload.wikimedia.org/wikipedia/en/0/09/Herewegoagain.jpg,,The Kingston Trio,https://en.wikipedia.org/wiki/The_Kingston_Trio
1960-02-01,Here We Go Again!,https://en.wikipedia.org/wiki/Here_We_Go_Again!,https://upload.wikimedia.org/wikipedia/en/0/09/Herewegoagain.jpg,,The Kingston Trio,https://en.wikipedia.org/wiki/The_Kingston_Trio
1960-02-08,Here We Go Again!,https://en.wikipedia.org/wiki/Here_We_Go_Again!,https://upload.wikimedia.org/wikipedia/en/0/09/Herewegoagain.jpg,,The Kingston Trio,https://en.wikipedia.org/wiki/The_Kingston_Trio
1960-02-15,The Sound of Music,,https://upload.wikimedia.org/wikipedia/en/6/65/Musical1959-SoundOfMusic-OriginalPoster.jpg,,Original Cast,
1960-02-22,The Sound of Music,,https://upload.wikimedia.org/wikipedia/en/6/65/Musical1959-SoundOfMusic-OriginalPoster.jpg,,Original Cast,
1960-02-29,The Sound of Music,,https://upload.wikimedia.org/wikipedia/en/6/65/Musical1959-SoundOfMusic-OriginalPoster.jpg,,Original Cast,
1960-03-07,The Sound of Music,,https://upload.wikimedia.org/wikipedia/en/6/65/Musical1959-SoundOfMusic-OriginalPoster.jpg,,Original Cast,
1960-03-14,The Sound of Music,,https://upload.wikimedia.org/wikipedia/en/6/65/Musical1959-SoundOfMusic-OriginalPoster.jpg,,Original Cast,
1960-03-21,The Sound of Music,,https://upload.wikimedia.org/wikipedia/en/6/65/Musical1959-SoundOfMusic-OriginalPoster.jpg,,Original Cast,
1960-03-28,The Sound of Music,,https://upload.wikimedia.org/wikipedia/en/6/65/Musical1959-SoundOfMusic-OriginalPoster.jpg,,Original Cast,
1960-04-04,The Sound of Music,,https://upload.wikimedia.org/wikipedia/en/6/65/Musical1959-SoundOfMusic-OriginalPoster.jpg,,Original Cast,
1960-04-11,The Sound of Music,,https://upload.wikimedia.org/wikipedia/en/6/65/Musical1959-SoundOfMusic-OriginalPoster.jpg,,Original Cast,
1960-04-18,The Sound of Music,,https://upload.wikimedia.org/wikipedia/en/6/65/Musical1959-SoundOfMusic-OriginalPoster.jpg,,Original Cast,
1960-04-25,The Sound of Music,,https://upload.wikimedia.org/wikipedia/en/6/65/Musical1959-SoundOfMusic-OriginalPoster.jpg,,Original Cast,
1960-05-02,The Sound of Music,,https://upload.wikimedia.org/wikipedia/en/6/65/Musical1959-SoundOfMusic-OriginalPoster.jpg,,Original Cast,
1960-05-09,Theme From A Summer Place,https://en.wikipedia.org/wiki/Theme_From_A_Summer_Place,https://img.discogs.com/ygC0xzm_kX7qNjmKQiTMgbumdfs=/fit-in/300x300/filters:strip_icc():format(jpeg):mode_rgb():quality(40)/discogs-images/R-3040743-1389543385-8371.jpeg.jpg,https://www.discogs.com/Billy-Vaughn-And-His-Orchestra-Theme-From-A-Summer-Place/master/508137,Billy Vaughn and His Orchestra,https://en.wikipedia.org/wiki/Billy_Vaughn
1960-05-16,Sold Out,https://en.wikipedia.org/wiki/Sold_Out_(Kingston_Trio_album),https://upload.wikimedia.org/wikipedia/en/6/69/Soldoutkingstontrio.jpg,,The Kingston Trio,https://en.wikipedia.org/wiki/The_Kingston_Trio
1960-05-23,Theme From A Summer Place,https://en.wikipedia.org/wiki/Theme_From_A_Summer_Place,https://img.discogs.com/ygC0xzm_kX7qNjmKQiTMgbumdfs=/fit-in/300x300/filters:strip_icc():format(jpeg):mode_rgb():quality(40)/discogs-images/R-3040743-1389543385-8371.jpeg.jpg,https://www.discogs.com/Billy-Vaughn-And-His-Orchestra-Theme-From-A-Summer-Place/master/508137,Billy Vaughn and His Orchestra,https://en.wikipedia.org/wiki/Billy_Vaughn
1960-05-30,Sold Out,https://en.wikipedia.org/wiki/Sold_Out_(Kingston_Trio_album),https://upload.wikimedia.org/wikipedia/en/6/69/Soldoutkingstontrio.jpg,,The Kingston Trio,https://en.wikipedia.org/wiki/The_Kingston_Trio
1960-06-06,Sold Out,https://en.wikipedia.org/wiki/Sold_Out_(Kingston_Trio_album),https://upload.wikimedia.org/wikipedia/en/6/69/Soldoutkingstontrio.jpg,,The Kingston Trio,https://en.wikipedia.org/wiki/The_Kingston_Trio
1960-06-13,Sold Out,https://en.wikipedia.org/wiki/Sold_Out_(Kingston_Trio_album),https://upload.wikimedia.org/wikipedia/en/6/69/Soldoutkingstontrio.jpg,,The Kingston Trio,https://en.wikipedia.org/wiki/The_Kingston_Trio
1960-06-20,Sold Out,https://en.wikipedia.org/wiki/Sold_Out_(Kingston_Trio_album),https://upload.wikimedia.org/wikipedia/en/6/69/Soldoutkingstontrio.jpg,,The Kingston Trio,https://en.wikipedia.org/wiki/The_Kingston_Trio
1960-06-27,Sold Out,https://en.wikipedia.org/wiki/Sold_Out_(Kingston_Trio_album),https://upload.wikimedia.org/wikipedia/en/6/69/Soldoutkingstontrio.jpg,,The Kingston Trio,https://en.wikipedia.org/wiki/The_Kingston_Trio
1960-07-04,Sold Out,https://en.wikipedia.org/wiki/Sold_Out_(Kingston_Trio_album),https://upload.wikimedia.org/wikipedia/en/6/69/Soldoutkingstontrio.jpg,,The Kingston Trio,https://en.wikipedia.org/wiki/The_Kingston_Trio
1960-07-11,Sold Out,https://en.wikipedia.org/wiki/Sold_Out_(Kingston_Trio_album),https://upload.wikimedia.org/wikipedia/en/6/69/Soldoutkingstontrio.jpg,,The Kingston Trio,https://en.wikipedia.org/wiki/The_Kingston_Trio
1960-07-18,Sold Out,https://en.wikipedia.org/wiki/Sold_Out_(Kingston_Trio_album),https://upload.wikimedia.org/wikipedia/en/6/69/Soldoutkingstontrio.jpg,,The Kingston Trio,https://en.wikipedia.org/wiki/The_Kingston_Trio
1960-07-25,Sold Out,https://en.wikipedia.org/wiki/Sold_Out_(Kingston_Trio_album),https://upload.wikimedia.org/wikipedia/en/6/69/Soldoutkingstontrio.jpg,,The Kingston Trio,https://en.wikipedia.org/wiki/The_Kingston_Trio
1960-08-01,The Button-Down Mind of Bob Newhart,https://en.wikipedia.org/wiki/The_Button-Down_Mind_of_Bob_Newhart,https://upload.wikimedia.org/wikipedia/en/c/c8/The_Button-Down_Mind_of_Bob_Newhart.png,,Bob Newhart,https://en.wikipedia.org/wiki/Bob_Newhart
1960-08-08,The Button-Down Mind of Bob Newhart,https://en.wikipedia.org/wiki/The_Button-Down_Mind_of_Bob_Newhart,https://upload.wikimedia.org/wikipedia/en/c/c8/The_Button-Down_Mind_of_Bob_Newhart.png,,Bob Newhart,https://en.wikipedia.org/wiki/Bob_Newhart
1960-08-15,The Button-Down Mind of Bob Newhart,https://en.wikipedia.org/wiki/The_Button-Down_Mind_of_Bob_Newhart,https://upload.wikimedia.org/wikipedia/en/c/c8/The_Button-Down_Mind_of_Bob_Newhart.png,,Bob Newhart,https://en.wikipedia.org/wiki/Bob_Newhart
1960-08-22,The Button-Down Mind of Bob Newhart,https://en.wikipedia.org/wiki/The_Button-Down_Mind_of_Bob_Newhart,https://upload.wikimedia.org/wikipedia/en/c/c8/The_Button-Down_Mind_of_Bob_Newhart.png,,Bob Newhart,https://en.wikipedia.org/wiki/Bob_Newhart
1960-08-29,The Button-Down Mind of Bob Newhart,https://en.wikipedia.org/wiki/The_Button-Down_Mind_of_Bob_Newhart,https://upload.wikimedia.org/wikipedia/en/c/c8/The_Button-Down_Mind_of_Bob_Newhart.png,,Bob Newhart,https://en.wikipedia.org/wiki/Bob_Newhart
1960-09-05,The Button-Down Mind of Bob Newhart,https://en.wikipedia.org/wiki/The_Button-Down_Mind_of_Bob_Newhart,https://upload.wikimedia.org/wikipedia/en/c/c8/The_Button-Down_Mind_of_Bob_Newhart.png,,Bob Newhart,https://en.wikipedia.org/wiki/Bob_Newhart
1960-09-12,The Button-Down Mind of Bob Newhart,https://en.wikipedia.org/wiki/The_Button-Down_Mind_of_Bob_Newhart,https://upload.wikimedia.org/wikipedia/en/c/c8/The_Button-Down_Mind_of_Bob_Newhart.png,,Bob Newhart,https://en.wikipedia.org/wiki/Bob_Newhart
1960-09-19,The Button-Down Mind of Bob Newhart,https://en.wikipedia.org/wiki/The_Button-Down_Mind_of_Bob_Newhart,https://upload.wikimedia.org/wikipedia/en/c/c8/The_Button-Down_Mind_of_Bob_Newhart.png,,Bob Newhart,https://en.wikipedia.org/wiki/Bob_Newhart
1960-09-26,String Along,https://en.wikipedia.org/wiki/String_Along,https://upload.wikimedia.org/wikipedia/en/8/87/Stringalong.jpg,,The Kingston Trio,https://en.wikipedia.org/wiki/The_Kingston_Trio
1960-10-03,String Along,https://en.wikipedia.org/wiki/String_Along,https://upload.wikimedia.org/wikipedia/en/8/87/Stringalong.jpg,,The Kingston Trio,https://en.wikipedia.org/wiki/The_Kingston_Trio
1960-10-10,String Along,https://en.wikipedia.org/wiki/String_Along,https://upload.wikimedia.org/wikipedia/en/8/87/Stringalong.jpg,,The Kingston Trio,https://en.wikipedia.org/wiki/The_Kingston_Trio
1960-10-17,String Along,https://en.wikipedia.org/wiki/String_Along,https://upload.wikimedia.org/wikipedia/en/8/87/Stringalong.jpg,,The Kingston Trio,https://en.wikipedia.org/wiki/The_Kingston_Trio
1960-10-24,String Along,https://en.wikipedia.org/wiki/String_Along,https://upload.wikimedia.org/wikipedia/en/8/87/Stringalong.jpg,,The Kingston Trio,https://en.wikipedia.org/wiki/The_Kingston_Trio
1960-10-31,Nice 'N' Easy,https://en.wikipedia.org/wiki/Nice_%27n%27_Easy,https://upload.wikimedia.org/wikipedia/en/thumb/f/fc/Niceneasy.jpg/330px-Niceneasy.jpg,,Frank Sinatra,https://en.wikipedia.org/wiki/Frank_Sinatra
1960-11-07,The Button-Down Mind of Bob Newhart,https://en.wikipedia.org/wiki/The_Button-Down_Mind_of_Bob_Newhart,https://upload.wikimedia.org/wikipedia/en/c/c8/The_Button-Down_Mind_of_Bob_Newhart.png,,Bob Newhart,https://en.wikipedia.org/wiki/Bob_Newhart
1960-11-14,The Button-Down Mind of Bob Newhart,https://en.wikipedia.org/wiki/The_Button-Down_Mind_of_Bob_Newhart,https://upload.wikimedia.org/wikipedia/en/c/c8/The_Button-Down_Mind_of_Bob_Newhart.png,,Bob Newhart,https://en.wikipedia.org/wiki/Bob_Newhart
1960-11-21,The Button-Down Mind of Bob Newhart,https://en.wikipedia.org/wiki/The_Button-Down_Mind_of_Bob_Newhart,https://upload.wikimedia.org/wikipedia/en/c/c8/The_Button-Down_Mind_of_Bob_Newhart.png,,Bob Newhart,https://en.wikipedia.org/wiki/Bob_Newhart
1960-11-28,The Button-Down Mind of Bob Newhart,https://en.wikipedia.org/wiki/The_Button-Down_Mind_of_Bob_Newhart,https://upload.wikimedia.org/wikipedia/en/c/c8/The_Button-Down_Mind_of_Bob_Newhart.png,,Bob Newhart,https://en.wikipedia.org/wiki/Bob_Newhart
1960-12-05,The Button-Down Mind of Bob Newhart,https://en.wikipedia.org/wiki/The_Button-Down_Mind_of_Bob_Newhart,https://upload.wikimedia.org/wikipedia/en/c/c8/The_Button-Down_Mind_of_Bob_Newhart.png,,Bob Newhart,https://en.wikipedia.org/wiki/Bob_Newhart
1960-12-12,G.I. Blues,https://en.wikipedia.org/wiki/G.I._Blues_(album),https://upload.wikimedia.org/wikipedia/en/1/18/G._I._Blues.jpg,,Elvis Presley,https://en.wikipedia.org/wiki/Elvis_Presley
1960-12-19,The Button-Down Mind of Bob Newhart,https://en.wikipedia.org/wiki/The_Button-Down_Mind_of_Bob_Newhart,https://upload.wikimedia.org/wikipedia/en/c/c8/The_Button-Down_Mind_of_Bob_Newhart.png,,Bob Newhart,https://en.wikipedia.org/wiki/Bob_Newhart
1960-12-26,G.I. Blues,https://en.wikipedia.org/wiki/G.I._Blues_(album),https://upload.wikimedia.org/wikipedia/en/1/18/G._I._Blues.jpg,,Elvis Presley,https://en.wikipedia.org/wiki/Elvis_Presley
1960-12-31,G.I. Blues,https://en.wikipedia.org/wiki/G.I._Blues_(album),https://upload.wikimedia.org/wikipedia/en/1/18/G._I._Blues.jpg,,Elvis Presley,https://en.wikipedia.org/wiki/Elvis_Presley
1961-01-02,G.I. Blues,https://en.wikipedia.org/wiki/G.I._Blues_(album),https://upload.wikimedia.org/wikipedia/en/1/18/G._I._Blues.jpg,,Elvis Presley,https://en.wikipedia.org/wiki/Elvis_Presley
1961-01-09,Nice 'N' Easy,https://en.wikipedia.org/wiki/Nice_%27n%27_Easy,https://upload.wikimedia.org/wikipedia/en/thumb/f/fc/Niceneasy.jpg/330px-Niceneasy.jpg,,Frank Sinatra,https://en.wikipedia.org/wiki/Frank_Sinatra
1961-01-16,The Button-Down Mind Strikes Back!,,http://ecx.images-amazon.com/images/I/41GEM1DYD6L.jpg,http://www.amazon.com/Button-Down-Mind-Strikes-Back/dp/B0000062TF,Frank Sinatra,https://en.wikipedia.org/wiki/Frank_Sinatra
1961-01-23,Wonderland by Night,,http://www.covershut.com/covers/Bert-Kaempfert-Wonderland-By-Night-1960-Front-Cover-32623.jpg,http://www.covershut.com/Music-Covers/32638-Bert-Kaempfert-Bert-Kaempferts-Greatest-Hits-1966-Back.html,Bert Kaempfert,https://en.wikipedia.org/wiki/Bert_Kaempfert
1961-01-30,Wonderland by Night,,http://www.covershut.com/covers/Bert-Kaempfert-Wonderland-By-Night-1960-Front-Cover-32623.jpg,http://www.covershut.com/Music-Covers/32638-Bert-Kaempfert-Bert-Kaempferts-Greatest-Hits-1966-Back.html,Bert Kaempfert,https://en.wikipedia.org/wiki/Bert_Kaempfert
1961-02-06,Wonderland by Night,,http://www.covershut.com/covers/Bert-Kaempfert-Wonderland-By-Night-1960-Front-Cover-32623.jpg,http://www.covershut.com/Music-Covers/32638-Bert-Kaempfert-Bert-Kaempferts-Greatest-Hits-1966-Back.html,Bert Kaempfert,https://en.wikipedia.org/wiki/Bert_Kaempfert
1961-02-13,Exodus,,http://images.45cat.com/ernest-gold-theme-of-exodus-rca-2.jpg,http://www.45cat.com/record/lpc3178,Ernest Gold,
1961-02-20,Wonderland by Night,,http://www.covershut.com/covers/Bert-Kaempfert-Wonderland-By-Night-1960-Front-Cover-32623.jpg,http://www.covershut.com/Music-Covers/32638-Bert-Kaempfert-Bert-Kaempferts-Greatest-Hits-1966-Back.html,Bert Kaempfert,https://en.wikipedia.org/wiki/Bert_Kaempfert
1961-02-27,Wonderland by Night,,http://www.covershut.com/covers/Bert-Kaempfert-Wonderland-By-Night-1960-Front-Cover-32623.jpg,http://www.covershut.com/Music-Covers/32638-Bert-Kaempfert-Bert-Kaempferts-Greatest-Hits-1966-Back.html,Bert Kaempfert,https://en.wikipedia.org/wiki/Bert_Kaempfert
1961-03-06,Exodus,,http://images.45cat.com/ernest-gold-theme-of-exodus-rca-2.jpg,http://www.45cat.com/record/lpc3178,Ernest Gold,
1961-03-13,Exodus,,http://images.45cat.com/ernest-gold-theme-of-exodus-rca-2.jpg,http://www.45cat.com/record/lpc3178,Ernest Gold,
1961-03-20,Calcutta!,https://en.wikipedia.org/wiki/Calcutta_(song),http://ecx.images-amazon.com/images/I/71k3es9u3XL._SL1050_.jpg,http://www.amazon.com/Calcutta-Yellow-Bird-Lawrence-Welk/dp/B005NECHOK,Lawrence Welk,https://en.wikipedia.org/wiki/Lawrence_Welk
1961-03-27,Calcutta!,https://en.wikipedia.org/wiki/Calcutta_(song),http://ecx.images-amazon.com/images/I/71k3es9u3XL._SL1050_.jpg,http://www.amazon.com/Calcutta-Yellow-Bird-Lawrence-Welk/dp/B005NECHOK,Lawrence Welk,https://en.wikipedia.org/wiki/Lawrence_Welk
1961-04-03,Calcutta!,https://en.wikipedia.org/wiki/Calcutta_(song),http://ecx.images-amazon.com/images/I/71k3es9u3XL._SL1050_.jpg,http://www.amazon.com/Calcutta-Yellow-Bird-Lawrence-Welk/dp/B005NECHOK,Lawrence Welk,
1961-04-10,G.I. Blues,https://en.wikipedia.org/wiki/G.I._Blues_(album),https://upload.wikimedia.org/wikipedia/en/1/18/G._I._Blues.jpg,,Elvis Presley,https://en.wikipedia.org/wiki/Elvis_Presley
1961-04-17,Calcutta!,https://en.wikipedia.org/wiki/Calcutta_(song),http://ecx.images-amazon.com/images/I/71k3es9u3XL._SL1050_.jpg,http://www.amazon.com/Calcutta-Yellow-Bird-Lawrence-Welk/dp/B005NECHOK,Lawrence Welk,
1961-04-24,Calcutta!,https://en.wikipedia.org/wiki/Calcutta_(song),http://ecx.images-amazon.com/images/I/71k3es9u3XL._SL1050_.jpg,http://www.amazon.com/Calcutta-Yellow-Bird-Lawrence-Welk/dp/B005NECHOK,Lawrence Welk,
1961-05-01,Calcutta!,https://en.wikipedia.org/wiki/Calcutta_(song),http://ecx.images-amazon.com/images/I/71k3es9u3XL._SL1050_.jpg,http://www.amazon.com/Calcutta-Yellow-Bird-Lawrence-Welk/dp/B005NECHOK,Lawrence Welk,
1961-05-08,Calcutta!,https://en.wikipedia.org/wiki/Calcutta_(song),http://ecx.images-amazon.com/images/I/71k3es9u3XL._SL1050_.jpg,http://www.amazon.com/Calcutta-Yellow-Bird-Lawrence-Welk/dp/B005NECHOK,Lawrence Welk,
1961-05-15,Calcutta!,https://en.wikipedia.org/wiki/Calcutta_(song),http://ecx.images-amazon.com/images/I/71k3es9u3XL._SL1050_.jpg,http://www.amazon.com/Calcutta-Yellow-Bird-Lawrence-Welk/dp/B005NECHOK,Lawrence Welk,
1961-05-22,G.I. Blues,https://en.wikipedia.org/wiki/G.I._Blues_(album),https://upload.wikimedia.org/wikipedia/en/1/18/G._I._Blues.jpg,,Elvis Presley,https://en.wikipedia.org/wiki/Elvis_Presley
1961-05-29,G.I. Blues,https://en.wikipedia.org/wiki/G.I._Blues_(album),https://upload.wikimedia.org/wikipedia/en/1/18/G._I._Blues.jpg,,Elvis Presley,https://en.wikipedia.org/wiki/Elvis_Presley
1961-06-05,G.I. Blues,https://en.wikipedia.org/wiki/G.I._Blues_(album),https://upload.wikimedia.org/wikipedia/en/1/18/G._I._Blues.jpg,,Elvis Presley,https://en.wikipedia.org/wiki/Elvis_Presley
1961-06-12,Camelot,https://en.wikipedia.org/wiki/Camelot_(musical),https://upload.wikimedia.org/wikipedia/en/f/f6/Camelot_Original_Cast_Recording.jpg,,Original Broadway Cast,
1961-06-19,Camelot,https://en.wikipedia.org/wiki/Camelot_(musical),https://upload.wikimedia.org/wikipedia/en/f/f6/Camelot_Original_Cast_Recording.jpg,,Original Broadway Cast,
1961-06-26,Camelot,https://en.wikipedia.org/wiki/Camelot_(musical),https://upload.wikimedia.org/wikipedia/en/f/f6/Camelot_Original_Cast_Recording.jpg,,Original Broadway Cast,
1961-07-03,Camelot,https://en.wikipedia.org/wiki/Camelot_(musical),https://upload.wikimedia.org/wikipedia/en/f/f6/Camelot_Original_Cast_Recording.jpg,,Original Broadway Cast,
1961-07-10,Camelot,https://en.wikipedia.org/wiki/Camelot_(musical),https://upload.wikimedia.org/wikipedia/en/f/f6/Camelot_Original_Cast_Recording.jpg,,Original Broadway Cast,
1961-07-17,Camelot,https://en.wikipedia.org/wiki/Camelot_(musical),https://upload.wikimedia.org/wikipedia/en/f/f6/Camelot_Original_Cast_Recording.jpg,,Original Broadway Cast,
1961-07-24,Carnival!,https://en.wikipedia.org/wiki/Carnival!,https://upload.wikimedia.org/wikipedia/en/thumb/d/d5/Carnival_1961.jpg/330px-Carnival_1961.jpg,,Original Broadway Cast,
1961-07-31,Stars for a Summer Night,,https://img.discogs.com/MS5iE2JfVtZLE7zkPCgZyQJMwhE=/fit-in/586x600/filters:strip_icc():format(jpeg):mode_rgb():quality(90)/discogs-images/R-2586300-1299001824.jpeg.jpg,https://www.discogs.com/Various-Stars-For-A-Summer-Night/release/2586300,,
1961-08-07,Stars for a Summer Night,,https://img.discogs.com/MS5iE2JfVtZLE7zkPCgZyQJMwhE=/fit-in/586x600/filters:strip_icc():format(jpeg):mode_rgb():quality(90)/discogs-images/R-2586300-1299001824.jpeg.jpg,https://www.discogs.com/Various-Stars-For-A-Summer-Night/release/2586301,,
1961-08-14,Stars for a Summer Night,,https://img.discogs.com/MS5iE2JfVtZLE7zkPCgZyQJMwhE=/fit-in/586x600/filters:strip_icc():format(jpeg):mode_rgb():quality(90)/discogs-images/R-2586300-1299001824.jpeg.jpg,https://www.discogs.com/Various-Stars-For-A-Summer-Night/release/2586302,,
1961-08-21,Stars for a Summer Night,,https://img.discogs.com/MS5iE2JfVtZLE7zkPCgZyQJMwhE=/fit-in/586x600/filters:strip_icc():format(jpeg):mode_rgb():quality(90)/discogs-images/R-2586300-1299001824.jpeg.jpg,https://www.discogs.com/Various-Stars-For-A-Summer-Night/release/2586303,,
1961-08-28,Something for Everybody,https://en.wikipedia.org/wiki/Something_for_Everybody,https://upload.wikimedia.org/wikipedia/en/6/65/Something_For_Everybody.jpg,,Elvis Presley,https://en.wikipedia.org/wiki/Elvis_Presley
1961-09-04,Something for Everybody,https://en.wikipedia.org/wiki/Something_for_Everybody,https://upload.wikimedia.org/wikipedia/en/6/65/Something_For_Everybody.jpg,,Elvis Presley,https://en.wikipedia.org/wiki/Elvis_Presley
1961-09-11,Something for Everybody,https://en.wikipedia.org/wiki/Something_for_Everybody,https://upload.wikimedia.org/wikipedia/en/6/65/Something_For_Everybody.jpg,,Elvis Presley,https://en.wikipedia.org/wiki/Elvis_Presley
1961-09-18,Judy at Carnegie Hall,https://en.wikipedia.org/wiki/Judy_at_Carnegie_Hall,https://upload.wikimedia.org/wikipedia/en/8/8a/JudyatCarnegieHall.jpg,,Judy Garland,https://en.wikipedia.org/wiki/Judy_Garland
1961-09-25,Judy at Carnegie Hall,https://en.wikipedia.org/wiki/Judy_at_Carnegie_Hall,https://upload.wikimedia.org/wikipedia/en/8/8a/JudyatCarnegieHall.jpg,,Judy Garland,https://en.wikipedia.org/wiki/Judy_Garland
1961-10-02,Judy at Carnegie Hall,https://en.wikipedia.org/wiki/Judy_at_Carnegie_Hall,https://upload.wikimedia.org/wikipedia/en/8/8a/JudyatCarnegieHall.jpg,,Judy Garland,https://en.wikipedia.org/wiki/Judy_Garland
1961-10-09,Judy at Carnegie Hall,https://en.wikipedia.org/wiki/Judy_at_Carnegie_Hall,https://upload.wikimedia.org/wikipedia/en/8/8a/JudyatCarnegieHall.jpg,,Judy Garland,https://en.wikipedia.org/wiki/Judy_Garland
1961-10-16,Judy at Carnegie Hall,https://en.wikipedia.org/wiki/Judy_at_Carnegie_Hall,https://upload.wikimedia.org/wikipedia/en/8/8a/JudyatCarnegieHall.jpg,,Judy Garland,https://en.wikipedia.org/wiki/Judy_Garland
1961-10-23,Judy at Carnegie Hall,https://en.wikipedia.org/wiki/Judy_at_Carnegie_Hall,https://upload.wikimedia.org/wikipedia/en/8/8a/JudyatCarnegieHall.jpg,,Judy Garland,https://en.wikipedia.org/wiki/Judy_Garland
1961-10-30,Judy at Carnegie Hall,https://en.wikipedia.org/wiki/Judy_at_Carnegie_Hall,https://upload.wikimedia.org/wikipedia/en/8/8a/JudyatCarnegieHall.jpg,,Judy Garland,https://en.wikipedia.org/wiki/Judy_Garland
1961-11-06,Judy at Carnegie Hall,https://en.wikipedia.org/wiki/Judy_at_Carnegie_Hall,https://upload.wikimedia.org/wikipedia/en/8/8a/JudyatCarnegieHall.jpg,,Judy Garland,https://en.wikipedia.org/wiki/Judy_Garland
1961-11-13,Judy at Carnegie Hall,https://en.wikipedia.org/wiki/Judy_at_Carnegie_Hall,https://upload.wikimedia.org/wikipedia/en/8/8a/JudyatCarnegieHall.jpg,,Judy Garland,https://en.wikipedia.org/wiki/Judy_Garland
1961-11-20,Judy at Carnegie Hall,https://en.wikipedia.org/wiki/Judy_at_Carnegie_Hall,https://upload.wikimedia.org/wikipedia/en/8/8a/JudyatCarnegieHall.jpg,,Judy Garland,https://en.wikipedia.org/wiki/Judy_Garland
1961-11-27,Judy at Carnegie Hall,https://en.wikipedia.org/wiki/Judy_at_Carnegie_Hall,https://upload.wikimedia.org/wikipedia/en/8/8a/JudyatCarnegieHall.jpg,,Judy Garland,https://en.wikipedia.org/wiki/Judy_Garland
1961-12-04,Judy at Carnegie Hall,https://en.wikipedia.org/wiki/Judy_at_Carnegie_Hall,https://upload.wikimedia.org/wikipedia/en/8/8a/JudyatCarnegieHall.jpg,,Judy Garland,https://en.wikipedia.org/wiki/Judy_Garland
1961-12-11,Judy at Carnegie Hall,https://en.wikipedia.org/wiki/Judy_at_Carnegie_Hall,https://upload.wikimedia.org/wikipedia/en/8/8a/JudyatCarnegieHall.jpg,,Judy Garland,https://en.wikipedia.org/wiki/Judy_Garland
1961-12-18,Blue Hawaii,https://en.wikipedia.org/wiki/Blue_Hawaii_(album),https://upload.wikimedia.org/wikipedia/en/thumb/e/eb/Elvisbluehawaiisoundtrack.jpg/330px-Elvisbluehawaiisoundtrack.jpg,,Elvis Presley,https://en.wikipedia.org/wiki/Elvis_Presley
1961-12-25,Blue Hawaii,https://en.wikipedia.org/wiki/Blue_Hawaii_(album),https://upload.wikimedia.org/wikipedia/en/thumb/e/eb/Elvisbluehawaiisoundtrack.jpg/330px-Elvisbluehawaiisoundtrack.jpg,,Elvis Presley,https://en.wikipedia.org/wiki/Elvis_Presley
1962-01-06,Blue Hawaii,https://en.wikipedia.org/wiki/Blue_Hawaii_(album),https://upload.wikimedia.org/wikipedia/en/thumb/e/eb/Elvisbluehawaiisoundtrack.jpg/330px-Elvisbluehawaiisoundtrack.jpg,,Elvis Presley,https://en.wikipedia.org/wiki/Elvis_Presley
1962-01-13,Blue Hawaii,https://en.wikipedia.org/wiki/Blue_Hawaii_(album),https://upload.wikimedia.org/wikipedia/en/thumb/e/eb/Elvisbluehawaiisoundtrack.jpg/330px-Elvisbluehawaiisoundtrack.jpg,,Elvis Presley,https://en.wikipedia.org/wiki/Elvis_Presley
1962-01-20,Blue Hawaii,https://en.wikipedia.org/wiki/Blue_Hawaii_(album),https://upload.wikimedia.org/wikipedia/en/thumb/e/eb/Elvisbluehawaiisoundtrack.jpg/330px-Elvisbluehawaiisoundtrack.jpg,,Elvis Presley,https://en.wikipedia.org/wiki/Elvis_Presley
1962-01-27,Blue Hawaii,https://en.wikipedia.org/wiki/Blue_Hawaii_(album),https://upload.wikimedia.org/wikipedia/en/thumb/e/eb/Elvisbluehawaiisoundtrack.jpg/330px-Elvisbluehawaiisoundtrack.jpg,,Elvis Presley,https://en.wikipedia.org/wiki/Elvis_Presley
1962-02-03,Blue Hawaii,https://en.wikipedia.org/wiki/Blue_Hawaii_(album),https://upload.wikimedia.org/wikipedia/en/thumb/e/eb/Elvisbluehawaiisoundtrack.jpg/330px-Elvisbluehawaiisoundtrack.jpg,,Elvis Presley,https://en.wikipedia.org/wiki/Elvis_Presley
1962-02-10,Blue Hawaii,https://en.wikipedia.org/wiki/Blue_Hawaii_(album),https://upload.wikimedia.org/wikipedia/en/thumb/e/eb/Elvisbluehawaiisoundtrack.jpg/330px-Elvisbluehawaiisoundtrack.jpg,,Elvis Presley,https://en.wikipedia.org/wiki/Elvis_Presley
1962-02-17,Blue Hawaii,https://en.wikipedia.org/wiki/Blue_Hawaii_(album),https://upload.wikimedia.org/wikipedia/en/thumb/e/eb/Elvisbluehawaiisoundtrack.jpg/330px-Elvisbluehawaiisoundtrack.jpg,,Elvis Presley,https://en.wikipedia.org/wiki/Elvis_Presley
1962-02-24,Blue Hawaii,https://en.wikipedia.org/wiki/Blue_Hawaii_(album),https://upload.wikimedia.org/wikipedia/en/thumb/e/eb/Elvisbluehawaiisoundtrack.jpg/330px-Elvisbluehawaiisoundtrack.jpg,,Elvis Presley,https://en.wikipedia.org/wiki/Elvis_Presley
1962-03-03,Blue Hawaii,https://en.wikipedia.org/wiki/Blue_Hawaii_(album),https://upload.wikimedia.org/wikipedia/en/thumb/e/eb/Elvisbluehawaiisoundtrack.jpg/330px-Elvisbluehawaiisoundtrack.jpg,,Elvis Presley,https://en.wikipedia.org/wiki/Elvis_Presley
1962-03-10,Blue Hawaii,https://en.wikipedia.org/wiki/Blue_Hawaii_(album),https://upload.wikimedia.org/wikipedia/en/thumb/e/eb/Elvisbluehawaiisoundtrack.jpg/330px-Elvisbluehawaiisoundtrack.jpg,,Elvis Presley,https://en.wikipedia.org/wiki/Elvis_Presley
1962-03-17,Blue Hawaii,https://en.wikipedia.org/wiki/Blue_Hawaii_(album),https://upload.wikimedia.org/wikipedia/en/thumb/e/eb/Elvisbluehawaiisoundtrack.jpg/330px-Elvisbluehawaiisoundtrack.jpg,,Elvis Presley,https://en.wikipedia.org/wiki/Elvis_Presley
1962-03-24,Blue Hawaii,https://en.wikipedia.org/wiki/Blue_Hawaii_(album),https://upload.wikimedia.org/wikipedia/en/thumb/e/eb/Elvisbluehawaiisoundtrack.jpg/330px-Elvisbluehawaiisoundtrack.jpg,,Elvis Presley,https://en.wikipedia.org/wiki/Elvis_Presley
1962-03-31,Blue Hawaii,https://en.wikipedia.org/wiki/Blue_Hawaii_(album),https://upload.wikimedia.org/wikipedia/en/thumb/e/eb/Elvisbluehawaiisoundtrack.jpg/330px-Elvisbluehawaiisoundtrack.jpg,,Elvis Presley,https://en.wikipedia.org/wiki/Elvis_Presley
1962-04-07,Blue Hawaii,https://en.wikipedia.org/wiki/Blue_Hawaii_(album),https://upload.wikimedia.org/wikipedia/en/thumb/e/eb/Elvisbluehawaiisoundtrack.jpg/330px-Elvisbluehawaiisoundtrack.jpg,,Elvis Presley,https://en.wikipedia.org/wiki/Elvis_Presley
1962-04-14,Blue Hawaii,https://en.wikipedia.org/wiki/Blue_Hawaii_(album),https://upload.wikimedia.org/wikipedia/en/thumb/e/eb/Elvisbluehawaiisoundtrack.jpg/330px-Elvisbluehawaiisoundtrack.jpg,,Elvis Presley,https://en.wikipedia.org/wiki/Elvis_Presley
1962-04-21,Blue Hawaii,https://en.wikipedia.org/wiki/Blue_Hawaii_(album),https://upload.wikimedia.org/wikipedia/en/thumb/e/eb/Elvisbluehawaiisoundtrack.jpg/330px-Elvisbluehawaiisoundtrack.jpg,,Elvis Presley,https://en.wikipedia.org/wiki/Elvis_Presley
1962-04-28,Blue Hawaii,https://en.wikipedia.org/wiki/Blue_Hawaii_(album),https://upload.wikimedia.org/wikipedia/en/thumb/e/eb/Elvisbluehawaiisoundtrack.jpg/330px-Elvisbluehawaiisoundtrack.jpg,,Elvis Presley,https://en.wikipedia.org/wiki/Elvis_Presley
1962-05-05,West Side Story,https://en.wikipedia.org/wiki/West_Side_Story_(soundtrack),https://upload.wikimedia.org/wikipedia/en/c/c6/WestSideStory%28soundtrack%29.jpg,,Soundtrack,
1962-05-12,West Side Story,https://en.wikipedia.org/wiki/West_Side_Story_(soundtrack),https://upload.wikimedia.org/wikipedia/en/c/c6/WestSideStory%28soundtrack%29.jpg,,Soundtrack,
1962-05-19,West Side Story,https://en.wikipedia.org/wiki/West_Side_Story_(soundtrack),https://upload.wikimedia.org/wikipedia/en/c/c6/WestSideStory%28soundtrack%29.jpg,,Soundtrack,
1962-05-26,West Side Story,https://en.wikipedia.org/wiki/West_Side_Story_(soundtrack),https://upload.wikimedia.org/wikipedia/en/c/c6/WestSideStory%28soundtrack%29.jpg,,Soundtrack,
1962-06-02,West Side Story,https://en.wikipedia.org/wiki/West_Side_Story_(soundtrack),https://upload.wikimedia.org/wikipedia/en/c/c6/WestSideStory%28soundtrack%29.jpg,,Soundtrack,
1962-06-09,West Side Story,https://en.wikipedia.org/wiki/West_Side_Story_(soundtrack),https://upload.wikimedia.org/wikipedia/en/c/c6/WestSideStory%28soundtrack%29.jpg,,Soundtrack,
1962-06-16,West Side Story,https://en.wikipedia.org/wiki/West_Side_Story_(soundtrack),https://upload.wikimedia.org/wikipedia/en/c/c6/WestSideStory%28soundtrack%29.jpg,,Soundtrack,
1962-06-23,Modern Sounds in Country and Western Music,https://en.wikipedia.org/wiki/Modern_Sounds_in_Country_and_Western_Music,https://upload.wikimedia.org/wikipedia/en/7/74/ModernSoundsInC%26WMusic.jpg,,Ray Charles,https://en.wikipedia.org/wiki/Ray_Charles
1962-06-30,Modern Sounds in Country and Western Music,https://en.wikipedia.org/wiki/Modern_Sounds_in_Country_and_Western_Music,https://upload.wikimedia.org/wikipedia/en/7/74/ModernSoundsInC%26WMusic.jpg,,Ray Charles,https://en.wikipedia.org/wiki/Ray_Charles
1962-07-07,Modern Sounds in Country and Western Music,https://en.wikipedia.org/wiki/Modern_Sounds_in_Country_and_Western_Music,https://upload.wikimedia.org/wikipedia/en/7/74/ModernSoundsInC%26WMusic.jpg,,Ray Charles,https://en.wikipedia.org/wiki/Ray_Charles
1962-07-14,Modern Sounds in Country and Western Music,https://en.wikipedia.org/wiki/Modern_Sounds_in_Country_and_Western_Music,https://upload.wikimedia.org/wikipedia/en/7/74/ModernSoundsInC%26WMusic.jpg,,Ray Charles,https://en.wikipedia.org/wiki/Ray_Charles
1962-07-21,Modern Sounds in Country and Western Music,https://en.wikipedia.org/wiki/Modern_Sounds_in_Country_and_Western_Music,https://upload.wikimedia.org/wikipedia/en/7/74/ModernSoundsInC%26WMusic.jpg,,Ray Charles,https://en.wikipedia.org/wiki/Ray_Charles
1962-07-28,Modern Sounds in Country and Western Music,https://en.wikipedia.org/wiki/Modern_Sounds_in_Country_and_Western_Music,https://upload.wikimedia.org/wikipedia/en/7/74/ModernSoundsInC%26WMusic.jpg,,Ray Charles,https://en.wikipedia.org/wiki/Ray_Charles
1962-08-04,Modern Sounds in Country and Western Music,https://en.wikipedia.org/wiki/Modern_Sounds_in_Country_and_Western_Music,https://upload.wikimedia.org/wikipedia/en/7/74/ModernSoundsInC%26WMusic.jpg,,Ray Charles,https://en.wikipedia.org/wiki/Ray_Charles
1962-08-11,Modern Sounds in Country and Western Music,https://en.wikipedia.org/wiki/Modern_Sounds_in_Country_and_Western_Music,https://upload.wikimedia.org/wikipedia/en/7/74/ModernSoundsInC%26WMusic.jpg,,Ray Charles,https://en.wikipedia.org/wiki/Ray_Charles
1962-08-18,Modern Sounds in Country and Western Music,https://en.wikipedia.org/wiki/Modern_Sounds_in_Country_and_Western_Music,https://upload.wikimedia.org/wikipedia/en/7/74/ModernSoundsInC%26WMusic.jpg,,Ray Charles,https://en.wikipedia.org/wiki/Ray_Charles
1962-08-25,Modern Sounds in Country and Western Music,https://en.wikipedia.org/wiki/Modern_Sounds_in_Country_and_Western_Music,https://upload.wikimedia.org/wikipedia/en/7/74/ModernSoundsInC%26WMusic.jpg,,Ray Charles,https://en.wikipedia.org/wiki/Ray_Charles
1962-09-01,Modern Sounds in Country and Western Music,https://en.wikipedia.org/wiki/Modern_Sounds_in_Country_and_Western_Music,https://upload.wikimedia.org/wikipedia/en/7/74/ModernSoundsInC%26WMusic.jpg,,Ray Charles,https://en.wikipedia.org/wiki/Ray_Charles
1962-09-08,Modern Sounds in Country and Western Music,https://en.wikipedia.org/wiki/Modern_Sounds_in_Country_and_Western_Music,https://upload.wikimedia.org/wikipedia/en/7/74/ModernSoundsInC%26WMusic.jpg,,Ray Charles,https://en.wikipedia.org/wiki/Ray_Charles
1962-09-15,Modern Sounds in Country and Western Music,https://en.wikipedia.org/wiki/Modern_Sounds_in_Country_and_Western_Music,https://upload.wikimedia.org/wikipedia/en/7/74/ModernSoundsInC%26WMusic.jpg,,Ray Charles,https://en.wikipedia.org/wiki/Ray_Charles
1962-09-22,Modern Sounds in Country and Western Music,https://en.wikipedia.org/wiki/Modern_Sounds_in_Country_and_Western_Music,https://upload.wikimedia.org/wikipedia/en/7/74/ModernSoundsInC%26WMusic.jpg,,Ray Charles,https://en.wikipedia.org/wiki/Ray_Charles
1962-09-29,West Side Story,https://en.wikipedia.org/wiki/West_Side_Story_(soundtrack),https://upload.wikimedia.org/wikipedia/en/c/c6/WestSideStory%28soundtrack%29.jpg,,Soundtrack,
1962-10-06,West Side Story,https://en.wikipedia.org/wiki/West_Side_Story_(soundtrack),https://upload.wikimedia.org/wikipedia/en/c/c6/WestSideStory%28soundtrack%29.jpg,,Soundtrack,
1962-10-13,West Side Story,https://en.wikipedia.org/wiki/West_Side_Story_(soundtrack),https://upload.wikimedia.org/wikipedia/en/c/c6/WestSideStory%28soundtrack%29.jpg,,Soundtrack,
1962-10-20,"Peter, Paul and Mary","https://en.wikipedia.org/wiki/Peter,_Paul_and_Mary_(album)",https://upload.wikimedia.org/wikipedia/en/8/8b/Ppm.jpg,,"Peter, Paul and Mary","https://en.wikipedia.org/wiki/Peter,_Paul_and_Mary"
1962-10-27,"Peter, Paul and Mary","https://en.wikipedia.org/wiki/Peter,_Paul_and_Mary_(album)",https://upload.wikimedia.org/wikipedia/en/8/8b/Ppm.jpg,,"Peter, Paul and Mary","https://en.wikipedia.org/wiki/Peter,_Paul_and_Mary"
1962-11-03,"Peter, Paul and Mary","https://en.wikipedia.org/wiki/Peter,_Paul_and_Mary_(album)",https://upload.wikimedia.org/wikipedia/en/8/8b/Ppm.jpg,,"Peter, Paul and Mary","https://en.wikipedia.org/wiki/Peter,_Paul_and_Mary"
1962-11-10,"Peter, Paul and Mary","https://en.wikipedia.org/wiki/Peter,_Paul_and_Mary_(album)",https://upload.wikimedia.org/wikipedia/en/8/8b/Ppm.jpg,,"Peter, Paul and Mary","https://en.wikipedia.org/wiki/Peter,_Paul_and_Mary"
1962-11-17,"Peter, Paul and Mary","https://en.wikipedia.org/wiki/Peter,_Paul_and_Mary_(album)",https://upload.wikimedia.org/wikipedia/en/8/8b/Ppm.jpg,,"Peter, Paul and Mary","https://en.wikipedia.org/wiki/Peter,_Paul_and_Mary"
1962-11-24,"Peter, Paul and Mary","https://en.wikipedia.org/wiki/Peter,_Paul_and_Mary_(album)",https://upload.wikimedia.org/wikipedia/en/8/8b/Ppm.jpg,,"Peter, Paul and Mary","https://en.wikipedia.org/wiki/Peter,_Paul_and_Mary"
1962-12-01,"My Son, the Folk Singer","https://en.wikipedia.org/wiki/My_Son,_the_Folk_Singer",https://upload.wikimedia.org/wikipedia/en/4/41/My_Son%2C_the_Folk_Singer.jpeg,,Allan Sherman,https://en.wikipedia.org/wiki/Allan_Sherman
1962-12-08,"My Son, the Folk Singer","https://en.wikipedia.org/wiki/My_Son,_the_Folk_Singer",https://upload.wikimedia.org/wikipedia/en/4/41/My_Son%2C_the_Folk_Singer.jpeg,,Allan Sherman,https://en.wikipedia.org/wiki/Allan_Sherman
1962-12-15,The First Family,https://en.wikipedia.org/wiki/The_First_Family_(album),https://upload.wikimedia.org/wikipedia/en/9/9a/TFF_cover.jpg,,Vaughn Meader,https://en.wikipedia.org/wiki/Vaughn_Meader
1962-12-22,The First Family,https://en.wikipedia.org/wiki/The_First_Family_(album),https://upload.wikimedia.org/wikipedia/en/9/9a/TFF_cover.jpg,,Vaughn Meader,https://en.wikipedia.org/wiki/Vaughn_Meader
1962-12-29,The First Family,https://en.wikipedia.org/wiki/The_First_Family_(album),https://upload.wikimedia.org/wikipedia/en/9/9a/TFF_cover.jpg,,Vaughn Meader,https://en.wikipedia.org/wiki/Vaughn_Meader
1963-01-05,The First Family,https://en.wikipedia.org/wiki/The_First_Family_(album),https://upload.wikimedia.org/wikipedia/en/9/9a/TFF_cover.jpg,,Vaughn Meader,https://en.wikipedia.org/wiki/Vaughn_Meader
1963-01-12,The First Family,https://en.wikipedia.org/wiki/The_First_Family_(album),https://upload.wikimedia.org/wikipedia/en/9/9a/TFF_cover.jpg,,Vaughn Meader,https://en.wikipedia.org/wiki/Vaughn_Meader
1963-01-19,The First Family,https://en.wikipedia.org/wiki/The_First_Family_(album),https://upload.wikimedia.org/wikipedia/en/9/9a/TFF_cover.jpg,,Vaughn Meader,https://en.wikipedia.org/wiki/Vaughn_Meader
1963-01-26,The First Family,https://en.wikipedia.org/wiki/The_First_Family_(album),https://upload.wikimedia.org/wikipedia/en/9/9a/TFF_cover.jpg,,Vaughn Meader,https://en.wikipedia.org/wiki/Vaughn_Meader
1963-02-02,The First Family,https://en.wikipedia.org/wiki/The_First_Family_(album),https://upload.wikimedia.org/wikipedia/en/9/9a/TFF_cover.jpg,,Vaughn Meader,https://en.wikipedia.org/wiki/Vaughn_Meader
1963-02-09,The First Family,https://en.wikipedia.org/wiki/The_First_Family_(album),https://upload.wikimedia.org/wikipedia/en/9/9a/TFF_cover.jpg,,Vaughn Meader,https://en.wikipedia.org/wiki/Vaughn_Meader
1963-02-16,The First Family,https://en.wikipedia.org/wiki/The_First_Family_(album),https://upload.wikimedia.org/wikipedia/en/9/9a/TFF_cover.jpg,,Vaughn Meader,https://en.wikipedia.org/wiki/Vaughn_Meader
1963-02-23,The First Family,https://en.wikipedia.org/wiki/The_First_Family_(album),https://upload.wikimedia.org/wikipedia/en/9/9a/TFF_cover.jpg,,Vaughn Meader,https://en.wikipedia.org/wiki/Vaughn_Meader
1963-03-02,The First Family,https://en.wikipedia.org/wiki/The_First_Family_(album),https://upload.wikimedia.org/wikipedia/en/9/9a/TFF_cover.jpg,,Vaughn Meader,https://en.wikipedia.org/wiki/Vaughn_Meader
1963-03-09,"My Son, the Celebrity","https://en.wikipedia.org/wiki/My_Son,_the_Celebrity",https://upload.wikimedia.org/wikipedia/en/f/fb/My_Son%2C_the_Celebrity.jpeg,,Allan Sherman,https://en.wikipedia.org/wiki/Allan_Sherman
1963-03-16,Songs I Sing on the Jackie Gleason Show,,http://cps-static.rovicorp.com/3/JPG_500/MI0000/494/MI0000494072.jpg?,http://www.allmusic.com/album/songs-i-sing-on-the-jackie-gleason-show-mw0000216701,Frank Fontaine,https://en.wikipedia.org/wiki/Frank_Fontaine
1963-03-23,Songs I Sing on the Jackie Gleason Show,,http://cps-static.rovicorp.com/3/JPG_500/MI0000/494/MI0000494072.jpg?,http://www.allmusic.com/album/songs-i-sing-on-the-jackie-gleason-show-mw0000216702,Frank Fontaine,https://en.wikipedia.org/wiki/Frank_Fontaine
1963-03-30,Songs I Sing on the Jackie Gleason Show,,http://cps-static.rovicorp.com/3/JPG_500/MI0000/494/MI0000494072.jpg?,http://www.allmusic.com/album/songs-i-sing-on-the-jackie-gleason-show-mw0000216703,Frank Fontaine,https://en.wikipedia.org/wiki/Frank_Fontaine
1963-04-06,Songs I Sing on the Jackie Gleason Show,,http://cps-static.rovicorp.com/3/JPG_500/MI0000/494/MI0000494072.jpg?,http://www.allmusic.com/album/songs-i-sing-on-the-jackie-gleason-show-mw0000216704,Frank Fontaine,https://en.wikipedia.org/wiki/Frank_Fontaine
1963-04-13,Songs I Sing on the Jackie Gleason Show,,http://cps-static.rovicorp.com/3/JPG_500/MI0000/494/MI0000494072.jpg?,http://www.allmusic.com/album/songs-i-sing-on-the-jackie-gleason-show-mw0000216705,Frank Fontaine,https://en.wikipedia.org/wiki/Frank_Fontaine
1963-04-20,West Side Story,https://en.wikipedia.org/wiki/West_Side_Story_(soundtrack),https://upload.wikimedia.org/wikipedia/en/c/c6/WestSideStory%28soundtrack%29.jpg,,Soundtrack,
1963-04-27,West Side Story,https://en.wikipedia.org/wiki/West_Side_Story_(soundtrack),https://upload.wikimedia.org/wikipedia/en/c/c6/WestSideStory%28soundtrack%29.jpg,,Soundtrack,
1963-05-04,Days of Wine and Roses,,https://upload.wikimedia.org/wikipedia/en/8/85/Williams-Days.jpg,,Andy Williams,https://en.wikipedia.org/wiki/Andy_Williams
1963-05-11,Days of Wine and Roses,,https://upload.wikimedia.org/wikipedia/en/8/85/Williams-Days.jpg,,Andy Williams,https://en.wikipedia.org/wiki/Andy_Williams
1963-05-18,Days of Wine and Roses,,https://upload.wikimedia.org/wikipedia/en/8/85/Williams-Days.jpg,,Andy Williams,https://en.wikipedia.org/wiki/Andy_Williams
1963-05-25,Days of Wine and Roses,,https://upload.wikimedia.org/wikipedia/en/8/85/Williams-Days.jpg,,Andy Williams,https://en.wikipedia.org/wiki/Andy_Williams
1963-06-01,Days of Wine and Roses,,https://upload.wikimedia.org/wikipedia/en/8/85/Williams-Days.jpg,,Andy Williams,https://en.wikipedia.org/wiki/Andy_Williams
1963-06-08,Days of Wine and Roses,,https://upload.wikimedia.org/wikipedia/en/8/85/Williams-Days.jpg,,Andy Williams,https://en.wikipedia.org/wiki/Andy_Williams
1963-06-15,Days of Wine and Roses,,https://upload.wikimedia.org/wikipedia/en/8/85/Williams-Days.jpg,,Andy Williams,https://en.wikipedia.org/wiki/Andy_Williams
1963-06-22,Days of Wine and Roses,,https://upload.wikimedia.org/wikipedia/en/8/85/Williams-Days.jpg,,Andy Williams,https://en.wikipedia.org/wiki/Andy_Williams
1963-06-29,Days of Wine and Roses,,https://upload.wikimedia.org/wikipedia/en/8/85/Williams-Days.jpg,,Andy Williams,https://en.wikipedia.org/wiki/Andy_Williams
1963-07-06,Days of Wine and Roses,,https://upload.wikimedia.org/wikipedia/en/8/85/Williams-Days.jpg,,Andy Williams,https://en.wikipedia.org/wiki/Andy_Williams
1963-07-13,Days of Wine and Roses,,https://upload.wikimedia.org/wikipedia/en/8/85/Williams-Days.jpg,,Andy Williams,https://en.wikipedia.org/wiki/Andy_Williams
1963-07-20,Days of Wine and Roses,,https://upload.wikimedia.org/wikipedia/en/8/85/Williams-Days.jpg,,Andy Williams,https://en.wikipedia.org/wiki/Andy_Williams
1963-07-27,Days of Wine and Roses,,https://upload.wikimedia.org/wikipedia/en/8/85/Williams-Days.jpg,,Andy Williams,https://en.wikipedia.org/wiki/Andy_Williams
1963-08-03,Days of Wine and Roses,,https://upload.wikimedia.org/wikipedia/en/8/85/Williams-Days.jpg,,Andy Williams,https://en.wikipedia.org/wiki/Andy_Williams
1963-08-10,Days of Wine and Roses,,https://upload.wikimedia.org/wikipedia/en/8/85/Williams-Days.jpg,,Andy Williams,https://en.wikipedia.org/wiki/Andy_Williams
1963-08-17,Days of Wine and Roses,,https://upload.wikimedia.org/wikipedia/en/8/85/Williams-Days.jpg,,Andy Williams,https://en.wikipedia.org/wiki/Andy_Williams
1963-08-24,Recorded Live: The 12 Year Old Genius,https://en.wikipedia.org/wiki/Recorded_Live:_The_12_Year_Old_Genius,https://upload.wikimedia.org/wikipedia/en/thumb/7/76/The12yearoldgenius.JPG/330px-The12yearoldgenius.JPG,,Stevie Wonder,https://en.wikipedia.org/wiki/Stevie_Wonder
1963-08-31,"My Son, the Nut","https://en.wikipedia.org/wiki/My_Son,_the_Nut",https://upload.wikimedia.org/wikipedia/en/0/04/My_Son%2C_the_Nut.jpeg,,Allan Sherman,https://en.wikipedia.org/wiki/Allan_Sherman
1963-09-07,"My Son, the Nut","https://en.wikipedia.org/wiki/My_Son,_the_Nut",https://upload.wikimedia.org/wikipedia/en/0/04/My_Son%2C_the_Nut.jpeg,,Allan Sherman,https://en.wikipedia.org/wiki/Allan_Sherman
1963-09-14,"My Son, the Nut","https://en.wikipedia.org/wiki/My_Son,_the_Nut",https://upload.wikimedia.org/wikipedia/en/0/04/My_Son%2C_the_Nut.jpeg,,Allan Sherman,https://en.wikipedia.org/wiki/Allan_Sherman
1963-09-21,"My Son, the Nut","https://en.wikipedia.org/wiki/My_Son,_the_Nut",https://upload.wikimedia.org/wikipedia/en/0/04/My_Son%2C_the_Nut.jpeg,,Allan Sherman,https://en.wikipedia.org/wiki/Allan_Sherman
1963-09-28,"My Son, the Nut","https://en.wikipedia.org/wiki/My_Son,_the_Nut",https://upload.wikimedia.org/wikipedia/en/0/04/My_Son%2C_the_Nut.jpeg,,Allan Sherman,https://en.wikipedia.org/wiki/Allan_Sherman
1963-10-05,"My Son, the Nut","https://en.wikipedia.org/wiki/My_Son,_the_Nut",https://upload.wikimedia.org/wikipedia/en/0/04/My_Son%2C_the_Nut.jpeg,,Allan Sherman,https://en.wikipedia.org/wiki/Allan_Sherman
1963-10-12,"My Son, the Nut","https://en.wikipedia.org/wiki/My_Son,_the_Nut",https://upload.wikimedia.org/wikipedia/en/0/04/My_Son%2C_the_Nut.jpeg,,Allan Sherman,https://en.wikipedia.org/wiki/Allan_Sherman
1963-10-19,"My Son, the Nut","https://en.wikipedia.org/wiki/My_Son,_the_Nut",https://upload.wikimedia.org/wikipedia/en/0/04/My_Son%2C_the_Nut.jpeg,,Allan Sherman,https://en.wikipedia.org/wiki/Allan_Sherman
1963-10-26,"Peter, Paul and Mary","https://en.wikipedia.org/wiki/Peter,_Paul_and_Mary_(album)",https://upload.wikimedia.org/wikipedia/en/8/8b/Ppm.jpg,,"Peter, Paul and Mary","https://en.wikipedia.org/wiki/Peter,_Paul_and_Mary"
1963-11-02,In The Wind,https://en.wikipedia.org/wiki/In_the_Wind,https://upload.wikimedia.org/wikipedia/en/d/db/In_the_wind.jpg,,"Peter, Paul and Mary","https://en.wikipedia.org/wiki/Peter,_Paul_and_Mary"
1963-11-09,In The Wind,https://en.wikipedia.org/wiki/In_the_Wind,https://upload.wikimedia.org/wikipedia/en/d/db/In_the_wind.jpg,,"Peter, Paul and Mary","https://en.wikipedia.org/wiki/Peter,_Paul_and_Mary"
1963-11-16,In The Wind,https://en.wikipedia.org/wiki/In_the_Wind,https://upload.wikimedia.org/wikipedia/en/d/db/In_the_wind.jpg,,"Peter, Paul and Mary","https://en.wikipedia.org/wiki/Peter,_Paul_and_Mary"
1963-11-23,In The Wind,https://en.wikipedia.org/wiki/In_the_Wind,https://upload.wikimedia.org/wikipedia/en/d/db/In_the_wind.jpg,,"Peter, Paul and Mary","https://en.wikipedia.org/wiki/Peter,_Paul_and_Mary"
1963-11-30,In The Wind,https://en.wikipedia.org/wiki/In_the_Wind,https://upload.wikimedia.org/wikipedia/en/d/db/In_the_wind.jpg,,"Peter, Paul and Mary","https://en.wikipedia.org/wiki/Peter,_Paul_and_Mary"
1963-12-07,The Singing Nun,/wiki/The_Singing_Nun,http://upload.wikimedia.org/wikipedia/en/8/8a/Jeanne_Deckers_-_The_Singing_Nun.jpg,,"Soeur Sourire, The Singing Nun",
1963-12-14,The Singing Nun,/wiki/The_Singing_Nun,http://upload.wikimedia.org/wikipedia/en/8/8a/Jeanne_Deckers_-_The_Singing_Nun.jpg,,"Soeur Sourire, The Singing Nun",
1963-12-21,The Singing Nun,/wiki/The_Singing_Nun,http://upload.wikimedia.org/wikipedia/en/8/8a/Jeanne_Deckers_-_The_Singing_Nun.jpg,,"Soeur Sourire, The Singing Nun",
1963-12-28,The Singing Nun,/wiki/The_Singing_Nun,http://upload.wikimedia.org/wikipedia/en/8/8a/Jeanne_Deckers_-_The_Singing_Nun.jpg,,"Soeur Sourire, The Singing Nun",
